{"cameraMode":{"drawMode":0,"name":"Shaded","section":"Shading Mode"},"sceneLighting":true,"audioPlay":false,"sceneViewState":{"m_AlwaysRefresh":false,"showFog":true,"showSkybox":true,"showFlares":true,"showImageEffects":true,"showParticleSystems":true,"showVisualEffectGraphs":true,"m_FxEnabled":true},"in2DMode":false,"pivot":{"x":20.973337173461915,"y":8.001846313476563,"z":-0.6670447587966919},"rotation":{"x":0.06930360198020935,"y":-0.7193910479545593,"z":0.07254751026630402,"w":0.6872928738594055},"size":6.998166561126709,"orthographic":false}